{
  "android_play_store_link": "",
  "ios_app_store_link": "",
  "sticker_packs": [
    {
      "identifier": "1",
      "name": "Dog Meme 1 ",
      "publisher": "AbrilApps",
      "tray_image_file": "icon1.png",
      "image_data_version": "1",
      "avoid_cache": false,
      "publisher_email": "abrilstickersapps@gmail.com",
      "publisher_website": "",
      "privacy_policy_website": "https://sites.google.com/view/privacy-policy-abrilapps/p%C3%A1gina-principal",
      "animated_sticker_pack": false,
      "license_agreement_website": "",
      "stickers": [
        {
          "image_file": "1.webp",
          "emojis": [
            "☕",
            "🙂"
          ]
        },
        {
          "image_file": "2.webp",
          "emojis": [
            "😄",
            "😀"
          ]
        },
        {
          "image_file": "3.webp",
          "emojis": [
            "😆",
            "😂"
          ]
        },
        {
          "image_file": "4.webp",
          "emojis": [
            "😩",
            "😰"
          ]
        },
        {
          "image_file": "5.webp",
          "emojis": [
            "😭",
            "💧"
          ]
        },
        {
          "image_file": "6.webp",
          "emojis": [
            "😍",
            "♥"
          ]
        },
        {
          "image_file": "7.webp",
          "emojis": [
            "💔",
            "👎"
          ]
        },
        {
          "image_file": "8.webp",
          "emojis": [
            "😍",
            "💑"
          ]
        },
        {
          "image_file": "9.webp",
          "emojis": [
            "😘",
            "🍪"
          ]
        },
        {
          "image_file": "10.webp",
          "emojis": [
            "🤔",
            "😐"
          ]
        },
        {
          "image_file": "11.webp",
          "emojis": [
            "😱",
            "😵"
          ]
        },
        {
          "image_file": "12.webp",
          "emojis": [
            "😡",
            "😠"
          ]
        },
        {
          "image_file": "13.webp",
          "emojis": [
            "❓",
            "🤔"
          ]
        },
        {
          "image_file": "14.webp",
          "emojis": [
            "😱",
            "😵"
          ]
        },
        {
          "image_file": "15.webp",
          "emojis": [
            "😡",
            "😠"
          ]
        },
        {
          "image_file": "16.webp",
          "emojis": [
            "❓",
            "🤔"
          ]
        },
        {
          "image_file": "17.webp",
          "emojis": [
            "😱",
            "😵"
          ]
        },
        {
          "image_file": "18.webp",
          "emojis": [
            "😡",
            "😠"
          ]
        },
        {
          "image_file": "19.webp",
          "emojis": [
            "😱",
            "😵"
          ]
        },
        {
          "image_file": "20.webp",
          "emojis": [
            "😱",
            "😵"
          ]
        },
        {
          "image_file": "21.webp",
          "emojis": [
            "😡",
            "😠"
          ]
        },
        {
          "image_file": "22.webp",
          "emojis": [
            "❓",
            "🤔"
          ]
        },
        {
          "image_file": "23.webp",
          "emojis": [
            "🔋",
            "😵"
          ]
        }
      ]
    },
    {
      "identifier": "2",
      "name": "Dog Meme 2",
      "publisher": "AbrilApps",
      "tray_image_file": "icon2.png",
      "image_data_version": "2",
      "avoid_cache": false,
      "publisher_email": "abrilstickersapps@gmail.com",
      "publisher_website": "",
      "privacy_policy_website": "https://sites.google.com/view/privacy-policy-abrilapps/p%C3%A1gina-principal",
      "license_agreement_website": "",
      "animated_sticker_pack": true,
      "stickers": [
        {
          "image_file": "26.webp",
          "emojis": [
            "🥰",
            "😘",
            "❤️"
          ]
        },
        {
          "image_file": "27.webp",
          "emojis": [
            "✊",
            "💪",
            "🙏"
          ]
        },
        {
          "image_file": "28.webp",
          "emojis": [
            "❤️",
            "🥰",
            "💕"
          ]
        },
        {
          "image_file": "29.webp",
          "emojis": [
            "🖐",
            "🙌",
            "✋"
          ]
        },
        {
          "image_file": "30.webp",
          "emojis": [
            "📱",
            "👯",
            "👋"
          ]
        },
        {
          "image_file": "31.webp",
          "emojis": [
            "📱",
            "🙋‍♀",
            "🙋‍♂"
          ]
        },
        {
          "image_file": "32.webp",
          "emojis": [
            "👍",
            "👌",
            "🙂"
          ]
        },
        {
          "image_file": "33.webp",
          "emojis": [
            "👍",
            "👌",
            "🙂"
          ]
        },
        {
          "image_file": "34.webp",
          "emojis": [
            "👍",
            "👌",
            "🙂"
          ]
        },
        {
          "image_file": "35.webp",
          "emojis": [
            "👍",
            "👌",
            "🙂"
          ]
        },
        {
          "image_file": "36.webp",
          "emojis": [
            "👍",
            "👌",
            "🙂"
          ]
        },
        {
          "image_file": "37.webp",
          "emojis": [
            "👍",
            "👌",
            "🙂"
          ]
        },
        {
          "image_file": "38.webp",
          "emojis": [
            "👍",
            "👌",
            "🙂"
          ]
        },
        {
          "image_file": "39.webp",
          "emojis": [
            "👍",
            "👌",
            "🙂"
          ]
        },
        {
          "image_file": "40.webp",
          "emojis": [
            "👍",
            "👌",
            "🙂"
          ]
        },
        {
          "image_file": "41.webp",
          "emojis": [
            "👍",
            "👌",
            "🙂"
          ]
        },
        {
          "image_file": "42.webp",
          "emojis": [
            "👍",
            "👌",
            "🙂"
          ]
        },
        {
          "image_file": "43.webp",
          "emojis": [
            "👍",
            "👌",
            "🙂"
          ]
        },
        {
          "image_file": "44.webp",
          "emojis": [
            "🙏",
            "🦸‍♀️",
            "🦸"
          ]
        }
      ]
    },
    {
      "identifier": "3",
      "name": "Dog Meme 3",
      "publisher": "AbrilApps",
      "tray_image_file": "icon3.png",
      "image_data_version": "3",
      "avoid_cache": false,
      "publisher_email": "abrilstickersapps@gmail.com",
      "publisher_website": "",
      "privacy_policy_website": "https://sites.google.com/view/privacy-policy-abrilapps/p%C3%A1gina-principal",
      "license_agreement_website": "",
      "stickers": [
        {
          "image_file": "45.webp",
          "emojis": [
            "☕",
            "🙂"
          ]
        },
        {
          "image_file": "46.webp",
          "emojis": [
            "😄",
            "😀"
          ]
        },
        {
          "image_file": "47.webp",
          "emojis": [
            "😆",
            "😂"
          ]
        },
        {
          "image_file": "48.webp",
          "emojis": [
            "😩",
            "😰"
          ]
        },
        {
          "image_file": "49.webp",
          "emojis": [
            "😭",
            "💧"
          ]
        },
        {
          "image_file": "50.webp",
          "emojis": [
            "😍",
            "♥"
          ]
        },
        {
          "image_file": "51.webp",
          "emojis": [
            "😍",
            "♥"
          ]
        },
        {
          "image_file": "52.webp",
          "emojis": [
            "😍",
            "♥"
          ]
        },
        {
          "image_file": "53.webp",
          "emojis": [
            "😍",
            "♥"
          ]
        },
        {
          "image_file": "54.webp",
          "emojis": [
            "😍",
            "♥"
          ]
        },
        {
          "image_file": "55.webp",
          "emojis": [
            "😍",
            "♥"
          ]
        },
        {
          "image_file": "56.webp",
          "emojis": [
            "😍",
            "♥"
          ]
        },
        {
          "image_file": "57.webp",
          "emojis": [
            "😍",
            "♥"
          ]
        },
        {
          "image_file": "58.webp",
          "emojis": [
            "😍",
            "♥"
          ]
        },
        {
          "image_file": "59.webp",
          "emojis": [
            "😍",
            "♥"
          ]
        },
        {
          "image_file": "60.webp",
          "emojis": [
            "😍",
            "♥"
          ]
        },
        {
          "image_file": "61.webp",
          "emojis": [
            "😍",
            "♥"
          ]
        },
        {
          "image_file": "62.webp",
          "emojis": [
            "😍",
            "♥"
          ]
        },
        {
          "image_file": "63.webp",
          "emojis": [
            "😍",
            "♥"
          ]
        },
        {
          "image_file": "64.webp",
          "emojis": [
            "😍",
            "♥"
          ]
        },
        {
          "image_file": "65.webp",
          "emojis": [
            "😍",
            "♥"
          ]
        },
        {
          "image_file": "66.webp",
          "emojis": [
            "😍",
            "♥"
          ]
        },
        {
          "image_file": "67.webp",
          "emojis": [
            "😍",
            "♥"
          ]
        },
        {
          "image_file": "68.webp",
          "emojis": [
            "😍",
            "♥"
          ]
        },
        {
          "image_file": "69.webp",
          "emojis": [
            "😍",
            "♥"
          ]
        },
        {
          "image_file": "70.webp",
          "emojis": [
            "😍",
            "♥"
          ]
        },
        {
          "image_file": "71.webp",
          "emojis": [
            "😍",
            "♥"
          ]
        },
        {
          "image_file": "72.webp",
          "emojis": [
            "😍",
            "♥"
          ]
        },
        {
          "image_file": "73.webp",
          "emojis": [
            "🔋",
            "😵"
          ]
        }
      ]
    },
    {
      "identifier": "4",
      "name": "Dog meme 4",
      "publisher": "AbrilApps",
      "tray_image_file": "icon4.png",
      "image_data_version": "4",
      "avoid_cache": false,
      "publisher_email": "abrilstickersapps@gmail.com",
      "publisher_website": "",
      "privacy_policy_website": "https://sites.google.com/view/privacy-policy-abrilapps/p%C3%A1gina-principal",
      "animated_sticker_pack": false,
      "license_agreement_website": "",
      "stickers": [
        {
          "image_file": "74.webp",
          "emojis": [
            "☕",
            "🙂"
          ]
        },
        {
          "image_file": "75.webp",
          "emojis": [
            "💔",
            "👎"
          ]
        },
        {
          "image_file": "76.webp",
          "emojis": [
            "💔",
            "👎"
          ]
        },
        {
          "image_file": "77.webp",
          "emojis": [
            "💔",
            "👎"
          ]
        },
        {
          "image_file": "78.webp",
          "emojis": [
            "😭",
            "💧"
          ]
        },
        {
          "image_file": "79.webp",
          "emojis": [
            "😍",
            "♥"
          ]
        },
        {
          "image_file": "80.webp",
          "emojis": [
            "💔",
            "👎"
          ]
        },
        {
          "image_file": "81.webp",
          "emojis": [
            "💔",
            "👎"
          ]
        },
        {
          "image_file": "82.webp",
          "emojis": [
            "💔",
            "👎"
          ]
        },
        {
          "image_file": "83.webp",
          "emojis": [
            "💔",
            "👎"
          ]
        },
        {
          "image_file": "84.webp",
          "emojis": [
            "💔",
            "👎"
          ]
        },
        {
          "image_file": "85.webp",
          "emojis": [
            "💔",
            "👎"
          ]
        },
        {
          "image_file": "86.webp",
          "emojis": [
            "💔",
            "👎"
          ]
        },
        {
          "image_file": "87.webp",
          "emojis": [
            "💔",
            "👎"
          ]
        },
        {
          "image_file": "88.webp",
          "emojis": [
            "💔",
            "👎"
          ]
        },
        {
          "image_file": "89.webp",
          "emojis": [
            "💔",
            "👎"
          ]
        },
        {
          "image_file": "90.webp",
          "emojis": [
            "💔",
            "👎"
          ]
        },
        {
          "image_file": "91.webp",
          "emojis": [
            "💔",
            "👎"
          ]
        },
        {
          "image_file": "92.webp",
          "emojis": [
            "💔",
            "👎"
          ]
        },
        {
          "image_file": "93.webp",
          "emojis": [
            "💔",
            "👎"
          ]
        },
        {
          "image_file": "94.webp",
          "emojis": [
            "💔",
            "👎"
          ]
        },
        {
          "image_file": "95.webp",
          "emojis": [
            "💔",
            "👎"
          ]
        },
        {
          "image_file": "96.webp",
          "emojis": [
            "💔",
            "👎"
          ]
        },
        {
          "image_file": "97.webp",
          "emojis": [
            "🔋",
            "😵"
          ]
        }
      ]
    },
    {
      "identifier": "5",
      "name": "Dog Meme 5",
      "publisher": "AbrilApps",
      "tray_image_file": "icon5.png",
      "image_data_version": "5",
      "avoid_cache": false,
      "publisher_email": "abrilstickersapps@gmail.com",
      "publisher_website": "",
      "privacy_policy_website": "https://sites.google.com/view/privacy-policy-abrilapps/p%C3%A1gina-principal",
      "animated_sticker_pack": false,
      "license_agreement_website": "",
      "stickers": [
        {
          "image_file": "98.webp",
          "emojis": [
            "☕",
            "🙂"
          ]
        },
        {
          "image_file": "99.webp",
          "emojis": [
            "😄",
            "😀"
          ]
        },
        {
          "image_file": "100.webp",
          "emojis": [
            "😆",
            "😂"
          ]
        },
        {
          "image_file": "101.webp",
          "emojis": [
            "😩",
            "😰"
          ]
        },
        {
          "image_file": "102.webp",
          "emojis": [
            "😭",
            "💧"
          ]
        },
        {
          "image_file": "103.webp",
          "emojis": [
            "😍",
            "♥"
          ]
        },
        {
          "image_file": "104.webp",
          "emojis": [
            "💔",
            "👎"
          ]
        },
        {
          "image_file": "105.webp",
          "emojis": [
            "💔",
            "👎"
          ]
        },
        {
          "image_file": "106.webp",
          "emojis": [
            "💔",
            "👎"
          ]
        },
        {
          "image_file": "107.webp",
          "emojis": [
            "💔",
            "👎"
          ]
        },
        {
          "image_file": "108.webp",
          "emojis": [
            "💔",
            "👎"
          ]
        },
        {
          "image_file": "109.webp",
          "emojis": [
            "💔",
            "👎"
          ]
        },
        {
          "image_file": "110.webp",
          "emojis": [
            "💔",
            "👎"
          ]
        },
        {
          "image_file": "111.webp",
          "emojis": [
            "💔",
            "👎"
          ]
        },
        {
          "image_file": "112.webp",
          "emojis": [
            "💔",
            "👎"
          ]
        },
        {
          "image_file": "113.webp",
          "emojis": [
            "😍",
            "💑"
          ]
        },
        {
          "image_file": "114.webp",
          "emojis": [
            "💔",
            "👎"
          ]
        },
        {
          "image_file": "115.webp",
          "emojis": [
            "💔",
            "👎"
          ]
        },
        {
          "image_file": "116.webp",
          "emojis": [
            "💔",
            "👎"
          ]
        },
        {
          "image_file": "117.webp",
          "emojis": [
            "💔",
            "👎"
          ]
        },
        {
          "image_file": "118.webp",
          "emojis": [
            "💔",
            "👎"
          ]
        },
        {
          "image_file": "119.webp",
          "emojis": [
            "💔",
            "👎"
          ]
        },
        {
          "image_file": "120.webp",
          "emojis": [
            "💔",
            "👎"
          ]
        },
        {
          "image_file": "118.webp",
          "emojis": [
            "💔",
            "👎"
          ]
        },
        {
          "image_file": "121.webp",
          "emojis": [
            "💔",
            "👎"
          ]
        },
        {
          "image_file": "122.webp",
          "emojis": [
            "💔",
            "👎"
          ]
        },
        {
          "image_file": "123.webp",
          "emojis": [
            "🔋",
            "😵"
          ]
        }
      ]
    },
    {
      "identifier": "6",
      "name": "Dog Meme 6",
      "publisher": "AbrilApps",
      "tray_image_file": "icon6.png",
      "image_data_version": "6",
      "avoid_cache": false,
      "publisher_email": "abrilstickersapps@gmail.com",
      "publisher_website": "",
      "privacy_policy_website": "https://sites.google.com/view/privacy-policy-abrilapps/p%C3%A1gina-principal",
      "animated_sticker_pack": false,
      "license_agreement_website": "",
      "stickers": [
        {
          "image_file": "123xd.webp",
          "emojis": [
            "☕",
            "🙂"
          ]
        },
        {
          "image_file": "124.webp",
          "emojis": [
            "😄",
            "😀"
          ]
        },
        {
          "image_file": "125.webp",
          "emojis": [
            "😆",
            "😂"
          ]
        },
        {
          "image_file": "126.webp",
          "emojis": [
            "😩",
            "😰"
          ]
        },
        {
          "image_file": "127.webp",
          "emojis": [
            "😭",
            "💧"
          ]
        },
        {
          "image_file": "128.webp",
          "emojis": [
            "😍",
            "♥"
          ]
        },
        {
          "image_file": "129.webp",
          "emojis": [
            "😍",
            "♥"
          ]
        },
        {
          "image_file": "130.webp",
          "emojis": [
            "😍",
            "♥"
          ]
        },
        {
          "image_file": "131.webp",
          "emojis": [
            "😍",
            "♥"
          ]
        },
        {
          "image_file": "132.webp",
          "emojis": [
            "😍",
            "♥"
          ]
        },
        {
          "image_file": "133.webp",
          "emojis": [
            "😍",
            "♥"
          ]
        },
        {
          "image_file": "134.webp",
          "emojis": [
            "😭",
            "💧"
          ]
        },
        {
          "image_file": "135.webp",
          "emojis": [
            "😍",
            "♥"
          ]
        },
        {
          "image_file": "136.webp",
          "emojis": [
            "😍",
            "♥"
          ]
        },
        {
          "image_file": "137.webp",
          "emojis": [
            "😍",
            "♥"
          ]
        },
        {
          "image_file": "138.webp",
          "emojis": [
            "😍",
            "♥"
          ]
        },
        {
          "image_file": "139.webp",
          "emojis": [
            "😍",
            "♥"
          ]
        },
        {
          "image_file": "140.webp",
          "emojis": [
            "😍",
            "♥"
          ]
        },
        {
          "image_file": "141.webp",
          "emojis": [
            "😍",
            "♥"
          ]
        },
        {
          "image_file": "142.webp",
          "emojis": [
            "😍",
            "♥"
          ]
        },
        {
          "image_file": "143.webp",
          "emojis": [
            "😍",
            "♥"
          ]
        },
        {
          "image_file": "144.webp",
          "emojis": [
            "😍",
            "♥"
          ]
        },
        {
          "image_file": "145.webp",
          "emojis": [
            "😍",
            "♥"
          ]
        },
        {
          "image_file": "146.webp",
          "emojis": [
            "😍",
            "♥"
          ]
        },
        {
          "image_file": "147.webp",
          "emojis": [
            "😍",
            "♥"
          ]
        },
        {
          "image_file": "148.webp",
          "emojis": [
            "😍",
            "♥"
          ]
        },
        {
          "image_file": "149.webp",
          "emojis": [
            "😍",
            "♥"
          ]
        },
        {
          "image_file": "150.webp",
          "emojis": [
            "🔋",
            "😵"
          ]
        }
      ]
    },
    {
      "identifier": "7",
      "name": "Dog Meme 7",
      "publisher": "AbrilApps",
      "tray_image_file": "icon7.png",
      "image_data_version": "7",
      "avoid_cache": false,
      "publisher_email": "abrilstickersapps@gmail.com",
      "publisher_website": "",
      "privacy_policy_website": "https://sites.google.com/view/privacy-policy-abrilapps/p%C3%A1gina-principal",
      "license_agreement_website": "",
      "stickers": [
        {
          "image_file": "151.webp",
          "emojis": [
            "☕",
            "🙂"
          ]
        },
        {
          "image_file": "152.webp",
          "emojis": [
            "😄",
            "😀"
          ]
        },
        {
          "image_file": "153.webp",
          "emojis": [
            "😆",
            "😂"
          ]
        },
        {
          "image_file": "154.webp",
          "emojis": [
            "😩",
            "😰"
          ]
        },
        {
          "image_file": "155.webp",
          "emojis": [
            "😭",
            "💧"
          ]
        },
        {
          "image_file": "156.webp",
          "emojis": [
            "😍",
            "♥"
          ]
        },
        {
          "image_file": "157.webp",
          "emojis": [
            "😍",
            "♥"
          ]
        },
        {
          "image_file": "158.webp",
          "emojis": [
            "😍",
            "♥"
          ]
        },
        {
          "image_file": "159.webp",
          "emojis": [
            "😍",
            "♥"
          ]
        },
        {
          "image_file": "160.webp",
          "emojis": [
            "😍",
            "♥"
          ]
        },
        {
          "image_file": "161.webp",
          "emojis": [
            "😍",
            "♥"
          ]
        },
        {
          "image_file": "162.webp",
          "emojis": [
            "😍",
            "♥"
          ]
        },
        {
          "image_file": "163.webp",
          "emojis": [
            "😍",
            "♥"
          ]
        },
        {
          "image_file": "164.webp",
          "emojis": [
            "😍",
            "♥"
          ]
        },
        {
          "image_file": "165.webp",
          "emojis": [
            "😍",
            "♥"
          ]
        },
        {
          "image_file": "166.webp",
          "emojis": [
            "😍",
            "♥"
          ]
        },
        {
          "image_file": "167.webp",
          "emojis": [
            "😍",
            "♥"
          ]
        },
        {
          "image_file": "168.webp",
          "emojis": [
            "😍",
            "♥"
          ]
        },
        {
          "image_file": "169.webp",
          "emojis": [
            "🔋",
            "😵"
          ]
        }
      ]
    },
    {
      "identifier": "8",
      "name": "Dog Meme 8",
      "publisher": "AbrilApps",
      "tray_image_file": "icon8.png",
      "image_data_version": "8",
      "avoid_cache": false,
      "publisher_email": "abrilstickersapps@gmail.com",
      "publisher_website": "",
      "privacy_policy_website": "https://sites.google.com/view/privacy-policy-abrilapps/p%C3%A1gina-principal",
      "license_agreement_website": "",
      "stickers": [
        {
          "image_file": "170.webp",
          "emojis": [
            "☕",
            "🙂"
          ]
        },
        {
          "image_file": "171.webp",
          "emojis": [
            "😄",
            "😀"
          ]
        },
        {
          "image_file": "172.webp",
          "emojis": [
            "😆",
            "😂"
          ]
        },
        {
          "image_file": "173.webp",
          "emojis": [
            "😩",
            "😰"
          ]
        },
        {
          "image_file": "174.webp",
          "emojis": [
            "😭",
            "💧"
          ]
        },
        {
          "image_file": "175.webp",
          "emojis": [
            "😍",
            "♥"
          ]
        },
        {
          "image_file": "176.webp",
          "emojis": [
            "😍",
            "♥"
          ]
        },
        {
          "image_file": "177.webp",
          "emojis": [
            "😍",
            "♥"
          ]
        },
        {
          "image_file": "178.webp",
          "emojis": [
            "😍",
            "♥"
          ]
        },
        {
          "image_file": "179.webp",
          "emojis": [
            "😍",
            "♥"
          ]
        },
        {
          "image_file": "180.webp",
          "emojis": [
            "😍",
            "♥"
          ]
        },
        {
          "image_file": "181.webp",
          "emojis": [
            "😍",
            "♥"
          ]
        },
        {
          "image_file": "182.webp",
          "emojis": [
            "😍",
            "♥"
          ]
        },
        {
          "image_file": "183.webp",
          "emojis": [
            "😍",
            "♥"
          ]
        },
        {
          "image_file": "184.webp",
          "emojis": [
            "😍",
            "♥"
          ]
        },
        {
          "image_file": "185.webp",
          "emojis": [
            "😍",
            "♥"
          ]
        },
        {
          "image_file": "186.webp",
          "emojis": [
            "😍",
            "♥"
          ]
        },
        {
          "image_file": "187.webp",
          "emojis": [
            "😍",
            "♥"
          ]
        },
        {
          "image_file": "188.webp",
          "emojis": [
            "😍",
            "♥"
          ]
        },
        {
          "image_file": "189.webp",
          "emojis": [
            "😍",
            "♥"
          ]
        },
        {
          "image_file": "190.webp",
          "emojis": [
            "😍",
            "♥"
          ]
        },
        {
          "image_file": "191.webp",
          "emojis": [
            "🔋",
            "😵"
          ]
        }
      ]
    }
  ]
}
